"SNP","PC1","PC2","PC3","abs_PC1","abs_PC2","abs_PC3"
"chr1R_80313641",0.0100147937982744,-0.0370943180283216,-0.00334894353462163,0.0100147937982744,0.0370943180283216,0.00334894353462163
"chr1R_311940740",0.0100268353564674,-0.0371564144780442,-0.00335802110178257,0.0100268353564674,0.0371564144780442,0.00335802110178257
"chr1R_496897941",0.0100604085902591,-0.0372772610189566,-0.00336633736265118,0.0100604085902591,0.0372772610189566,0.00336633736265118
"chr1R_512746254",0.00993341494840333,-0.0368060966033656,-0.0033305582895599,0.00993341494840333,0.0368060966033656,0.0033305582895599
"chr1R_705578675",0.00999921414415588,-0.0370285857492833,-0.00334846193402491,0.00999921414415588,0.0370285857492833,0.00334846193402491
"chr3R_649722318",0.0100478678893437,-0.037217388708216,-0.00337076417707183,0.0100478678893437,0.037217388708216,0.00337076417707183
"chr6R_649331085",0.0100187475200263,-0.0371283263651432,-0.00335910287365951,0.0100187475200263,0.0371283263651432,0.00335910287365951
"chr6R_694219941",-0.00629415116308356,0.00298294887230333,0.00855099143805323,0.00629415116308356,0.00298294887230333,0.00855099143805323
"chr6R_694219941",0.00996462241657375,-0.0369024878394204,-0.00334439228458962,0.00996462241657375,0.0369024878394204,0.00334439228458962
"chr7R_834437183",0.00997047341680889,-0.036976050355286,-0.00333276995268739,0.00997047341680889,0.036976050355286,0.00333276995268739
