"CHR","BP","SNP","A1","A2","log10p","minusLog10P","Significant","P_eigen","minusLog10P_eigen","Significant_eigen"
"chr1R",80313641,"chr1R_80313641","A","C",-58.4018300777972,58.4018300777972,TRUE,9.384531707933e-09,8.02758739397868,TRUE
"chr1R",496897941,"chr1R_496897941","A","C",-1160.05754589997,1160.05754589997,TRUE,1.81812743775063e-09,8.74037567910515,TRUE
"chr3R",649722318,"chr3R_649722318","A","G",-84.7752053720619,84.7752053720619,TRUE,4.06492547582607e-07,6.39094741212014,TRUE
"chr6R",649331085,"chr6R_649331085","C","A",-1833.10592601142,1833.10592601142,TRUE,2.27664125732512e-27,26.6427053981238,TRUE
