"CHR","BP","SNP","A1","A2","log10p","minusLog10P","Significant","P_eigen","minusLog10P_eigen","Significant_eigen"
"chr1R",80313641,"chr1R_80313641","A","C",-1330.19798960296,1330.19798960296,TRUE,1.45906664681267e-112,111.835924870079,TRUE
"chr1R",311940740,"chr1R_311940740","T","G",-1806.6522726159,1806.6522726159,TRUE,7.42172307792376e-92,91.1294952542412,TRUE
"chr1R",496897941,"chr1R_496897941","A","C",-341.527558248957,341.527558248957,TRUE,2.92950721572412e-55,54.5332054279363,TRUE
"chr1R",512746254,"chr1R_512746254","C","G",-790.502010156122,790.502010156122,TRUE,5.4212541719782e-55,54.2659002306276,TRUE
"chr1R",705578675,"chr1R_705578675","A","C",-124.802163527982,124.802163527982,TRUE,3.70337150884502e-62,61.4314027189124,TRUE
"chr3R",649722318,"chr3R_649722318","A","G",-2076.12883248678,2076.12883248678,TRUE,2.20669806655298e-131,130.656257085506,TRUE
"chr6R",649331085,"chr6R_649331085","C","A",-337.999348829385,337.999348829385,TRUE,9.25724569886703e-109,108.0335182094,TRUE
"chr7R",834437183,"chr7R_834437183","T","A",-124.520929016166,124.520929016166,TRUE,1.84938059892452e-70,69.7329737026844,TRUE
