"SNP","A1","A2","PC1","PC2","PC3","p_PC1","p_PC2","p_PC3","log10p_PC1","log10p_PC2","log10p_PC3"
"chr1R_80313641","A","C",-0.0162042029799809,-0.0361775128805475,0.00605216340652441,3.96433112466373e-59,0,0.000236886052061668,-58.4018300777972,-1330.19798960296,-3.62546050994411
"chr1R_311940740","T","G",-0.0163930142866182,-0.0363064130732597,0.00596581962628881,3.17080551270647e-85,0,2.85889614576288e-05,-84.4988303954213,-1806.6522726159,-4.54380162083695
"chr1R_496897941","A","C",-0.0167583341027812,-0.0369706088923369,0.00653909290379048,0,0,5.42210886464109e-07,-1160.05754589997,-341.527558248957,-6.26583176694029
"chr1R_512746254","C","G",-0.0162250554942041,-0.0365171789650718,0.00605418767572968,6.58143921507472e-34,0,0.00309735348366719,-33.1816791254105,-790.502010156122,-2.50900922820931
"chr1R_705578675","A","C",-0.016390851351838,-0.037030141313008,0.00644836252751652,2.70605275920764e-49,1.57701735236099e-125,5.50932563530085e-22,-48.5676637403292,-124.802163527982,-21.2589015573717
"chr3R_649722318","A","G",-0.0162504048995004,-0.0365042852247801,0.00603622220129449,1.67801032179638e-85,0,4.73326265948803e-06,-84.7752053720619,-2076.12883248678,-5.32483939487678
"chr6R_649331085","C","A",-0.016989762647681,-0.0364909759255764,0.00628797367087304,0,0,3.77274737775097e-06,-1833.10592601142,-337.999348829385,-5.42334227407858
"chr6R_694219941","A","C",-0.000142188556459864,-0.00509785167591771,0.00677850647369162,0.883942974764083,0.257547798924438,0.285084412099657,-0.0535757514395501,-0.589142157369717,-0.54502652847861
"chr6R_694219941","G","A",-0.0166542172403523,-0.0359386826134543,0.00605789433658673,4.08497649912393e-98,0,0.000280045675332645,-97.3888104376212,-1374.78277537031,-3.55277112963216
"chr7R_834437183","T","A",-0.0162675137386565,-0.0365620849817821,0.00640613271946412,4.92937880026156e-52,3.01349852917163e-125,4.45813840294509e-22,-51.3072078070142,-124.520929016166,-21.3508464529706
