"CHR","BP","SNP","A1","A2","log10p","minusLog10P","Significant","P_eigen","minusLog10P_eigen","Significant_eigen"
"chr1R",80313641,"chr1R_80313641","A","C",-465.205702674263,465.205702674263,TRUE,0.00883059559365795,2.05401000374792,TRUE
"chr1R",311940740,"chr1R_311940740","T","G",-680.305681175096,680.305681175096,TRUE,0.376274757175157,0.424494915847703,TRUE
"chr1R",496897941,"chr1R_496897941","A","C",-143.863275234985,143.863275234985,TRUE,0.00404040532894896,2.39357506476664,TRUE
"chr1R",512746254,"chr1R_512746254","C","G",-42.6237317468603,42.6237317468603,TRUE,0.175575696745939,0.755535599475445,TRUE
"chr1R",705578675,"chr1R_705578675","A","C",-55.085156486701,55.085156486701,TRUE,0.408307030666026,0.389013141866935,TRUE
"chr2R",918058007,"chr2R_918058007","A","G",-22.2751083206907,22.2751083206907,TRUE,0.646953039956799,0.189127242094509,TRUE
"chr3R",649722318,"chr3R_649722318","A","G",-91.2992079559136,91.2992079559136,TRUE,0.860255332382013,0.0653726266792424,TRUE
"chr5R",867914486,"chr5R_867914486","T","C",-62.235814360689,62.235814360689,TRUE,0.00120578542567415,2.91872996975541,TRUE
"chr6R",649331085,"chr6R_649331085","C","A",-1718.97390289107,1718.97390289107,TRUE,1.7574613388863e-18,17.7551142199315,TRUE
"chr6R",686987332,"chr6R_686987332","C","T",-592.417528210363,592.417528210363,TRUE,0.153081443067601,0.81507745242257,TRUE
"chr6R",823608131,"chr6R_823608131","G","T",-108.687091357642,108.687091357642,TRUE,6.58639328882503e-05,4.18135234011866,TRUE
"chr7R",834437183,"chr7R_834437183","T","A",-364.211300426042,364.211300426042,TRUE,0.57260398028016,0.242145637439635,TRUE
