"CHR","BP","SNP","A1","A2","log10p","minusLog10P","Significant","P_eigen","minusLog10P_eigen","Significant_eigen"
"chr1R",80313641,"chr1R_80313641","A","C",-191.402667910323,191.402667910323,TRUE,5.66876751488848e-124,123.246511353747,TRUE
"chr1R",311940740,"chr1R_311940740","T","G",-261.657015233001,261.657015233001,TRUE,1.12111371660532e-68,67.9503503338908,TRUE
"chr1R",496897941,"chr1R_496897941","A","C",-2384.67419681953,2384.67419681953,TRUE,1.51965865370449e-79,78.8182539524899,TRUE
"chr1R",512746254,"chr1R_512746254","C","G",-98.0064999072816,98.0064999072816,TRUE,5.18500927736257e-57,56.2852504622057,TRUE
"chr1R",705578675,"chr1R_705578675","A","C",-128.538060015494,128.538060015494,TRUE,7.48255892996345e-73,72.125949854126,TRUE
"chr2R",918058007,"chr2R_918058007","A","G",-410.927275946782,410.927275946782,TRUE,2.0356831439122e-25,24.6912898194391,TRUE
"chr3R",649722318,"chr3R_649722318","A","G",-1934.3507126334,1934.3507126334,TRUE,3.9980576945667e-126,125.398150943022,TRUE
"chr5R",867914486,"chr5R_867914486","T","C",-985.752691143523,985.752691143523,TRUE,2.45573502055853e-33,32.6098184963736,TRUE
"chr6R",649331085,"chr6R_649331085","C","A",-373.976451848511,373.976451848511,TRUE,1.02714330984909e-27,26.9883689582191,TRUE
"chr6R",823608131,"chr6R_823608131","G","T",-179.190253710966,179.190253710966,TRUE,4.63187273972065e-33,32.3342433813178,TRUE
"chr7R",834437183,"chr7R_834437183","T","A",-151.822545208613,151.822545208613,TRUE,5.47380997268026e-65,64.261710283515,TRUE
