"CHR","BP","SNP","A1","A2","log10p","minusLog10P","Significant","P_eigen","minusLog10P_eigen","Significant_eigen"
"chr1R",496897941,"chr1R_496897941","A","C",-7.12468058809506,7.12468058809506,TRUE,1.15796521464913e-10,9.93630448664731,TRUE
"chr6R",823608131,"chr6R_823608131","G","T",-23.713512353383,23.713512353383,TRUE,9.87260504469702e-08,7.00556823666566,TRUE
