"SNP","A1","A2","PC1","PC2","PC3","pvalue","log10p"
"chr1R_80313641","A","C",-0.0162042029799809,-0.0361775128805475,0.00605216340652441,0,-2855.15886002408
"chr1R_311940740","T","G",-0.0163930142866182,-0.0363064130732597,0.00596581962628881,0,-3935.65924729587
"chr1R_496897941","A","C",-0.0167583341027812,-0.0369706088923369,0.00653909290379048,0,-5853.5173329446
"chr1R_512746254","C","G",-0.0162250554942041,-0.0365171789650718,0.00605418767572968,0,-1679.456970033
"chr1R_705578675","A","C",-0.016390851351838,-0.037030141313008,0.00644836252751652,0,-2240.33542745274
"chr3R_649722318","A","G",-0.0162504048995004,-0.0365042852247801,0.00603622220129449,0,-4381.10911404895
"chr6R_649331085","C","A",-0.016989762647681,-0.0364909759255764,0.00628797367087304,0,-6597.83115039325
"chr6R_694219941","A","C",-0.000142188556459864,-0.00509785167591771,0.00677850647369162,4.20990748143615e-05,-4.37572744828387
"chr6R_694219941","G","A",-0.0166542172403523,-0.0359386826134543,0.00605789433658673,0,-3347.80915316469
"chr7R_834437183","T","A",-0.0162675137386565,-0.0365620849817821,0.00640613271946412,0,-2265.78736513248
