"SNP","A1","A2","PC1","PC2","PC3","pvalue","log10p"
"chr1R_80313641","A","C",-0.0155794428141684,-0.0338121475351118,0.00544835869522275,0,-3116.55546558058
"chr1R_311940740","T","G",-0.0157607561813533,-0.0339368129215414,0.00536907066627578,0,-4333.65074168461
"chr1R_496897941","A","C",-0.0161099397035812,-0.0345533150550084,0.00590141747731328,0,-6382.99568523986
"chr1R_512746254","C","G",-0.0156061076674993,-0.0341465603515973,0.00544748168630717,0,-1871.02272462944
"chr1R_705578675","A","C",-0.0157607953677578,-0.0346148446334314,0.0058111734271276,0,-2451.98368278412
"chr2R_918058007","A","G",-0.0155327433133221,-0.0337475991527674,0.00556959279925318,0,-1064.89948900408
"chr3R_649722318","A","G",-0.0156276662318716,-0.0341248297737416,0.00543350369410325,0,-4853.43906117886
"chr5R_867914486","T","C",-0.0160604362727812,-0.0343582310117247,0.00575695689604705,0,-2670.42461444005
"chr6R_649331085","C","A",-0.0163267617615389,-0.0341063761046801,0.00566931825126053,0,-7309.77291344983
"chr6R_686987332","C","T",-0.0166427949547909,-0.0349718933126921,0.00546344813331696,0,-2938.0138513807
"chr6R_694219941","A","C",-0.000153171144964305,-0.00481689258545812,0.00630315412487048,2.51427340606573e-05,-4.5995874982135
"chr6R_694219941","G","A",-0.0160105296651723,-0.0335965949316059,0.00546145159445726,0,-3776.53374353287
"chr6R_823608131","G","T",-0.0162398089939567,-0.0346484119402497,0.00584881753013802,0,-3753.29164858967
"chr7R_834437183","T","A",-0.015639734566804,-0.0341757447369326,0.00577310646004933,0,-2466.74611307248
